Capability Engine,Khối Năng Lực,
Edition,Phiên Bản,
Edition Capability Engine,Khối Năng Lực Của Phiên Bản,
Feature Flag,Cờ Tính Năng,
Edition Feature Flag,Cờ Tính Năng Của Phiên Bản,
Enterprise Core Settings,Cài Đặt Enterprise Core,
Industry Pack,Gói Ngành,
Industry Pack Terminology,Thuật Ngữ Gói Ngành,
Role Template,Mẫu Vai Trò,
Industry Pack Role,Vai Trò Gói Ngành,
Workspace Template,Mẫu Không Gian Làm Việc,
Industry Pack Workspace,Không Gian Làm Việc Gói Ngành,
Seed Template,Mẫu Dữ Liệu Khởi Tạo,
Industry Pack Seed,Dữ Liệu Khởi Tạo Gói Ngành,
Engine Code,Mã Khối Năng Lực,
Engine Name,Tên Khối Năng Lực,
Category,Phân Loại,
Description,Mô Tả,
Enabled,Kích Hoạt,
Edition Name,Tên Phiên Bản,
Edition Code,Mã Phiên Bản,
Is Default,Mặc Định,
Disabled,Vô Hiệu Hóa,
Capability Engines,Danh Sách Khối Năng Lực,
Feature Flags,Danh Sách Cờ Tính Năng,
Feature Code,Mã Tính Năng,
Feature Name,Tên Tính Năng,
Default Enabled,Kích Hoạt Mặc Định,
Frappe Role,Vai Trò Frappe,
Template Code,Mã Mẫu,
Template Name,Tên Mẫu,
Pack Code,Mã Gói,
Pack Name,Tên Gói,
Industry Category,Ngành,
Default Edition,Phiên Bản Mặc Định,
Terminology Overrides,Ghi Đè Thuật Ngữ,
Roles,Vai Trò,
Workspaces,Không Gian Làm Việc,
Seeds,Dữ Liệu Khởi Tạo,
Context,Ngữ Cảnh,
Default Term,Thuật Ngữ Mặc Định,
Override Term,Thuật Ngữ Thay Thế,
Is Required,Bắt Buộc,
Frappe Workspace,Không Gian Làm Việc Frappe,
Seed Type,Loại Dữ Liệu Khởi Tạo,
Seed Function,Hàm Khởi Tạo,
Sequence,Thứ Tự,
Active Edition,Phiên Bản Đang Dùng,
Core,Lõi,
Industry,Ngành,
Master Data,Dữ Liệu Chủ,
Transaction,Giao Dịch,
Demo Scenario,Kịch Bản Demo,
Pharmaceutical,Dược Phẩm,
Nutraceutical,Thực Phẩm Bảo Vệ Sức Khỏe,
Cosmetics,Mỹ Phẩm,
Medical Device,Trang Thiết Bị Y Tế,
Veterinary,Thú Y,
Animal Feed,Thức Ăn Chăn Nuôi,
Livestock,Chăn Nuôi,
Aquaculture,Thủy Sản,
Processing,Chế Biến,
